Group of Professions,Year,Acceptance Rate (In Percent)
Pharmacy,2014,9.882184294225686
Pharmacy,2015,9.127859714318895
Art History,2016,4.25531914893617
Pharmacy,2017,18.845431534253287
Health Sciences and Preventive Healthcare,2018,7.6923076923076925
Pharmacy,2019,13.989554037766172
Pharmacy,2020,10.875534836196437
Pharmacy,2021,14.061155861421756
Pharmacy,2022,13.289455258367175
Mass Media and Information,2023,11.11111111111111
